ISBN,Title,Author,List,Weeks on List,Publisher
9781524761332,READY PLAYER TWO,Ernest Cline,Combined Print and E-Book Fiction,3,Ballantine Books
9780385545969,A TIME FOR MERCY,John Grisham,Combined Print and E-Book Fiction,9,Doubleday
9780316420259,DEADLY CROSS,James Patterson,Combined Print and E-Book Fiction,3,"Little, Brown and Company"
9780525536291,THE VANISHING HALF,Brit Bennett,Combined Print and E-Book Fiction,28,Harpercollins/Dialogue Books/Tinder Press
9781538728574,THE RETURN,Nicholas Sparks,Combined Print and E-Book Fiction,11,Grand Central Publishing
9781538761694,DAYLIGHT,David Baldacci,Combined Print and E-Book Fiction,4,Grand Central Publishing
9780316485623,THE LAW OF INNOCENCE,Michael Connelly,Combined Print and E-Book Fiction,5,"Little, Brown and Company"
9781984818461,THE SENTINEL,Lee Child and Andrew Child,Combined Print and E-Book Fiction,7,Delacorte Press
9781250272614,THE AWAKENING,Nora Roberts,Combined Print and E-Book Fiction,3,St. Martin's Press
9781449486808,HOME BODY,Rupi Kaur,Combined Print and E-Book Fiction,4,Andrews McMeel Publishing
9780735219090,WHERE THE CRAWDADS SING,Delia Owens,Combined Print and E-Book Fiction,113,Trapeze
9781982154837,FORTUNE AND GLORY,Janet Evanovich,Combined Print and E-Book Fiction,6,Atria Books
9780525559474,THE MIDNIGHT LIBRARY,Matt Haig,Combined Print and E-Book Fiction,3,Canongate Book
9781501160837,ANXIOUS PEOPLE,Fredrik Backman,Combined Print and E-Book Fiction,14,Atria Books
9780765326386,RHYTHM OF WAR,Brandon Sanderson,Combined Print and E-Book Fiction,4,Tor Books
9781524763169,A PROMISED LAND,Barack Obama,Combined Print and E-Book Nonfiction,4,Crown
9780593139134,GREENLIGHTS,Matthew McConaughey,Combined Print and E-Book Nonfiction,8,Crown
9780593136683,BAG MAN,Rachel Maddow and Michael Yarvitz,Combined Print and E-Book Nonfiction,1,Crown
9780316429061,THE LAST DAYS OF JOHN LENNON,James Patterson with Casey Sherman and Dave Wedge,Combined Print and E-Book Nonfiction,1,"Little, Brown and Company"
9781571311931,WORLD OF WONDERS,Aimee Nezhukumatathil,Combined Print and E-Book Nonfiction,1,
9780593230251,CASTE,Isabel Wilkerson,Combined Print and E-Book Nonfiction,19,Random House
9781524763138,BECOMING,Michelle Obama,Combined Print and E-Book Nonfiction,89,Viking / Tinder Press
9781984801258,UNTAMED,Glennon Doyle,Combined Print and E-Book Nonfiction,40,The Dial Press
9780385348713,THE SPLENDID AND THE VILE,Erik Larson,Combined Print and E-Book Nonfiction,28,Crown
9781501145254,MY OWN WORDS,Ruth Bader Ginsburg with Mary Hartnett and Wendy W. Williams,Combined Print and E-Book Nonfiction,10,Simon & Schuster
9780063046542,MODERN WARRIORS,Pete Hegseth,Combined Print and E-Book Nonfiction,3,Broadside Books
9781627797047,KILLING CRAZY HORSE,Bill O'Reilly and Martin Dugard,Combined Print and E-Book Nonfiction,12,Henry Holt and Co.
9781982112691,IS THIS ANYTHING?,Jerry Seinfeld,Combined Print and E-Book Nonfiction,8,Simon & Schuster
9781250114297,HUMANS,Brandon Stanton,Combined Print and E-Book Nonfiction,8,St. Martin's Press
9781982157999,THE ANSWER IS ...,Alex Trebek,Combined Print and E-Book Nonfiction,7,Simon & Schuster
9780525657606,HAMNET,Maggie O'Farrell,Hardcover Fiction,1,Knopf
9780525954989,THE EVENING AND THE MORNING,Ken Follett,Hardcover Fiction,10,Viking
9781797205090,"DOLLY PARTON, SONGTELLER",Dolly Parton with Robert K Oermann,Hardcover Nonfiction,4,Chronicle Books
9781400030606,THE QUEEN'S GAMBIT,Walter Tevis,Trade Fiction Paperback,5,Vintage
9781501154652,THEN SHE WAS GONE,Lisa Jewell,Trade Fiction Paperback,74,Arrow
9780393356687,THE OVERSTORY,Richard Powers,Trade Fiction Paperback,70,W. W. Norton & Company
9781449474256,MILK AND HONEY,Rupi Kaur,Trade Fiction Paperback,169,Simon & Schuster UK/Andrews McMeel Publishing
9780062060624,THE SONG OF ACHILLES,Madeline Miller,Trade Fiction Paperback,8,Ecco
9780593085141,THE CHICKEN SISTERS,KJ Dell'Antonia,Trade Fiction Paperback,2,G.P. Putnam's Sons
9781250080400,THE NIGHTINGALE,Kristin Hannah,Trade Fiction Paperback,65,Pan
9780307887443,READY PLAYER ONE,Ernest Cline,Trade Fiction Paperback,66,Ballantine Books
9780316556323,CIRCE,Madeline Miller,Trade Fiction Paperback,28,Bloomsbury Publishing
9780802148506,SHUGGIE BAIN,Douglas Stuart,Trade Fiction Paperback,4,Virago/Picador/Canongate Booksr/Canongate Books
9781982110581,THE INSTITUTE,Stephen King,Trade Fiction Paperback,14,Gallery Books
9780399590610,THE WATER DANCER,Ta-Nehisi Coates,Trade Fiction Paperback,3,One World
9780778389378,THE DIPLOMAT'S WIFE,Pam Jenoff,Trade Fiction Paperback,2,Park Row
9781538718711,TEXAS OUTLAW,James Patterson and Andrew Bourelle,Trade Fiction Paperback,5,Grand Central Publishing
9780062300553,HILLBILLY ELEGY,JD Vance,Paperback Nonfiction,58,Harper Paperbacks
9780143127741,THE BODY KEEPS THE SCORE,Bessel van der Kolk,Paperback Nonfiction,112,Penguin Books
9781571313560,BRAIDING SWEETGRASS,Robin Wall Kimmerer,Paperback Nonfiction,35,Milkweed Editions
9780062316110,SAPIENS,Yuval Noah Harari,Paperback Nonfiction,122,Harper Perennial
9780679763888,THE WARMTH OF OTHER SUNS,Isabel Wilkerson,Paperback Nonfiction,50,Vintage
9780525560739,THE TRUTHS WE HOLD,Kamala Harris,Paperback Nonfiction,12,Penguin Books
9780399588198,BORN A CRIME,Trevor Noah,Paperback Nonfiction,96,Bodley Head/Frances Lincoln Children's Books/John Murray
9780812984965,JUST MERCY,Bryan Stevenson,Paperback Nonfiction,232,One World
9780735225312,A WOMAN OF NO IMPORTANCE,Sonia Purnell,Paperback Nonfiction,12,Penguin Books
9780807047415,WHITE FRAGILITY,Robin DiAngelo,Paperback Nonfiction,119,Penguin/Quercus/Two Roads
9781616209940,WHAT UNITES US,Dan Rather and Elliot Kirschner,Paperback Nonfiction,9,Algonquin Books
9781101904213,THE SPY AND THE TRAITOR,Ben Macintyre,Paperback Nonfiction,8,Penguin/Icon Books Ltd
9780374533557,"THINKING, FAST AND SLOW",Daniel Kahneman,Paperback Nonfiction,256,Penguin/Robinson
9781631494536,THE COLOR OF LAW,Richard Rothstein,Paperback Nonfiction,33,Liveright
9780804187060,MODERN COMFORT FOOD,Ina Garten,Advice How-To and Miscellaneous,8,Clarkson Potter
9781250268501,STUFF YOU SHOULD KNOW,Josh Clark and Chuck Bryant with Nils Parker,Advice How-To and Miscellaneous,1,Flatiron Books
9780062968395,THE HAPPY IN A HURRY COOKBOOK,Steve and Kathy Doocy,Advice How-To and Miscellaneous,5,William Morrow Cookbooks
9780062976581,"THE BOY, THE MOLE, THE FOX AND THE HORSE",Charlie Mackesy,Advice How-To and Miscellaneous,52,Ebury Press / Egmont
9780718039875,FORGIVING WHAT YOU CAN'T FORGET,Lysa TerKeurst,Advice How-To and Miscellaneous,2,Thomas Nelson
9780062820181,"MAGNOLIA TABLE, VOL. 2",Joanna Gaines,Advice How-To and Miscellaneous,27,William Morrow Cookbooks
9780735211292,ATOMIC HABITS,James Clear,Advice How-To and Miscellaneous,53,Avery
9781982134488,THINK LIKE A MONK,Jay Shetty,Advice How-To and Miscellaneous,12,Simon & Schuster
9781476753836,SALT FAT ACID HEAT,Samin Nosrat,Advice How-To and Miscellaneous,37,Simon and Schuster
9780063078482,THE GREATEST SECRET,Rhonda Byrne,Advice How-To and Miscellaneous,1,Simon & Schuster UK/Thorsons
9780062498533,THE HATE U GIVE,Angie Thomas,Young Adult Hardcover,191,Balzer + Bray
9780316453691,STAMPED,Jason Reynolds and Ibram X. Kendi,Young Adult Hardcover,31,"Little, Brown Books for Young Readers"
9781984896360,A GOOD GIRL'S GUIDE TO MURDER,Holly Jackson,Young Adult Hardcover,20,Delacorte Press
9781368020039,HOCUS POCUS AND THE ALL-NEW SEQUEL,AW Jantha,Young Adult Hardcover,25,Freeform
9781534466340,ALL THIS TIME,Mikki Daughtry and Rachael Lippincott,Young Adult Hardcover,4,Simon & Schuster Books for Young Readers
9780062996480,PUNCHING THE AIR,Ibi Zoboi and Yusef Salaam,Young Adult Hardcover,7,Balzer + Bray
9781524714680,ONE OF US IS LYING,Karen M. McManus,Young Adult Hardcover,143,Delacorte Press
9781534462724,THE BLACK KIDS,Christina Hammonds Reed,Young Adult Hardcover,3,Simon & Schuster Books for Young Readers
9781481495127,THE LOST BOOK OF THE WHITE,Cassandra Clare and Wesley Chu,Young Adult Hardcover,7,Margaret K. McElderry Books
9781984829665,DEAR JUSTYCE,Nic Stone,Young Adult Hardcover,4,Crown Books for Young Readers
9780385545976,A TIME FOR MERCY,John Grisham,Combined Print and E-Book Fiction,1,Doubleday
9780735224650,THE SEARCHER,Tana French,Combined Print and E-Book Fiction,2,Viking
9780316435581,TROUBLES IN PARADISE,Elin Hilderbrand,Combined Print and E-Book Fiction,2,"Little, Brown and Company"
9781984818355,THE BOOK OF TWO WAYS,Jodi Picoult,Combined Print and E-Book Fiction,4,Ballantine Books
9780765387561,THE INVISIBLE LIFE OF ADDIE LARUE,V.E. Schwab,Combined Print and E-Book Fiction,2,Tor Books
9781488077104,RETURN TO VIRGIN RIVER,Robyn Carr,Combined Print and E-Book Fiction,1,
9781984818751,JINGLE ALL THE WAY,Debbie Macomber,Combined Print and E-Book Fiction,1,Ballantine Books
9781982137335,INVISIBLE GIRL,Lisa Jewell,Combined Print and E-Book Fiction,1,Atria Books
9780062667632,LEAVE THE WORLD BEHIND,Rumaan Alam,Combined Print and E-Book Fiction,2,Ecco
9780316457422,THE COAST-TO-COAST MURDERS,James Patterson and JD Barker,Combined Print and E-Book Fiction,4,"Little, Brown and Company"
9781982133276,BLACKOUT,Candace Owens,Combined Print and E-Book Nonfiction,5,Threshold Editions
9781982131739,RAGE,Bob Woodward,Combined Print and E-Book Nonfiction,5,Simon & Schuster UK/Canongate Books/Pan
9780593239261,AMERICAN CRISIS,Andrew Cuomo,Combined Print and E-Book Nonfiction,1,Crown
9780393542134,TEN LESSONS FOR A POST-PANDEMIC WORLD,Fareed Zakaria,Combined Print and E-Book Nonfiction,2,W. W. Norton & Company
9781684511341,ONE VOTE AWAY,Ted Cruz,Combined Print and E-Book Nonfiction,3,Regnery Publishing
9780525509288,HOW TO BE AN ANTIRACIST,Ibram X. Kendi,Combined Print and E-Book Nonfiction,24,Bodley Head/Quercus/Two Roads
9781250164681,THE MEANING OF MARIAH CAREY,Mariah Carey with Michaela Angela Davis,Combined Print and E-Book Nonfiction,3,Andy Cohen Books
9781510764699,DISLOYAL,Michael Cohen,Combined Print and E-Book Nonfiction,5,Skyhorse
9781797209463,TRUMPTY DUMPTY WANTED A CROWN,John Lithgow,Combined Print and E-Book Nonfiction,2,Chronicle Prism
9780062868930,THE GUEST LIST,Lucy Foley,Hardcover Fiction,19,William Morrow
9780358126607,THE 99% INVISIBLE CITY,Roman Mars and Kurt Kohlstedt,Hardcover Nonfiction,2,Houghton Mifflin Harcourt
9781982141462,TOO MUCH AND NEVER ENOUGH,Mary L Trump,Hardcover Nonfiction,13,Simon & Schuster
9781538761472,WALK THE WIRE,David Baldacci,Trade Fiction Paperback,2,Grand Central Publishing
9780735224315,LITTLE FIRES EVERYWHERE,Celeste Ng,Trade Fiction Paperback,76,Penguin Books
9781982153380,DANDELION,Gabbie Hanna,Trade Fiction Paperback,1,Atria Books
9780316531238,THE CHAIN,Adrian McKinty,Trade Fiction Paperback,2,Mulholland Books
9781250265692,CILKA'S JOURNEY,Heather Morris,Trade Fiction Paperback,6,Zaffre/Ebury Press
9781538715949,THE 19TH CHRISTMAS,James Patterson and Maxine Paetro,Trade Fiction Paperback,1,Grand Central Publishing
9781476749303,THIS TENDER LAND,William Kent Krueger,Trade Fiction Paperback,16,Atria Books
9780385490818,THE HANDMAID'S TALE,Margaret Atwood,Trade Fiction Paperback,134,Knopf Doubleday Publishing Group
9781250123046,THE RISE OF MAGICKS,Nora Roberts,Trade Fiction Paperback,2,St. Martin's Griffin
9780062292070,LOVECRAFT COUNTRY,Matt Ruff,Trade Fiction Paperback,8,Harper Perennial
9781101971062,HOMEGOING,Yaa Gyasi,Trade Fiction Paperback,11,Vintage
9781592858491,THE GIFTS OF IMPERFECTION,Brené Brown,Advice How-To and Miscellaneous,78,Random House Trade/ Avery
9780802412706,THE FIVE LOVE LANGUAGES,Gary Chapman,Advice How-To and Miscellaneous,324,Northfield Publishing
9780525572640,THE HOME EDIT,Clea Shearer and Joanna Teplin,Advice How-To and Miscellaneous,2,Clarkson Potter
9781982132156,HOW TO LEAD,David M Rubenstein,Advice How-To and Miscellaneous,2,Simon & Schuster
9781601429643,GET OUT OF YOUR HEAD,Jennie Allen,Advice How-To and Miscellaneous,30,WaterBrook
9781544512280,CAN'T HURT ME,David Goggins,Advice How-To and Miscellaneous,14,Lioncrest Publishing
9781419749094,ROWLEY JEFFERSON'S AWESOME FRIENDLY ADVENTURE,Jeff Kinney,Childrens Middle Grade Hardcover,1,Amulet Books
9780375869020,WONDER,R.J. Palacio,Childrens Middle Grade Hardcover,260,Knopf Books for Young Readers
9780316475112,LITTLE LEADERS,Vashti Harrison,Childrens Middle Grade Hardcover,41,"Little, Brown Books for Young Readers"
9780062991317,THE ONE AND ONLY BOB,Katherine Applegate.,Childrens Middle Grade Hardcover,14,HarperCollins
9781419740275,DIARY OF AN AWESOME FRIENDLY KID,Jeff Kinney,Childrens Middle Grade Hardcover,69,"Amulet Books, An Imprint Of Abrams,"
9780545880831,REFUGEE,Alan Gratz,Childrens Middle Grade Hardcover,106,Scholastic Press
9781492670025,THE COMPLETE COOKBOOK FOR YOUNG CHEFS,America's Test Kitchen Kids,Childrens Middle Grade Hardcover,69,Sourcebooks Explore
9781481438285,LOOK BOTH WAYS,Jason Reynolds,Childrens Middle Grade Hardcover,15,Atheneum/Caitlyn Dlouhy Books
9780062895936,A WOLF CALLED WANDER,Rosanne Parry.,Childrens Middle Grade Hardcover,41,Greenwillow Books
9781338214604,WINGS OF FIRE: LEGENDS: DRAGONSLAYER,Tui T. Sutherland,Childrens Middle Grade Hardcover,22,Scholastic Press
9780399246531,THE DAY YOU BEGIN,Jacqueline Woodson,Picture Books,22,Nancy Paulsen Books
9781368046459,THE PIGEON HAS TO GO TO SCHOOL!,Mo Willems,Picture Books,24,Hyperion Books for Children
9780062667120,I AM ENOUGH,Grace ers.,Picture Books,17,Balzer + Bray
9781423199571,WAITING IS NOT EASY!,Mo Willems,Picture Books,83,Hyperion Books for Children
9780525579649,ALL ARE WELCOME,Alexandra Penfold and Suzanne Kaufman,Picture Books,19,Knopf Books for Young Readers
9780593110508,ANTIRACIST BABY,Ibram X Kendi,Picture Books,4,Kokila
9780593121962,THE WORLD NEEDS MORE PURPLE PEOPLE,Kristen Bell and Benjamin Hart.,Picture Books,10,Random House Books for Young Readers
9780385376716,THE WONDERFUL THINGS YOU WILL BE,Emily Winfield Martin,Picture Books,246,Random House Books for Young Readers
9780803736801,DRAGONS LOVE TACOS,Adam Rubin.,Picture Books,311,Dial Books
9781368003551,WE DON'T EAT OUR CLASSMATES!,Ryan T Higgins,Picture Books,24,Disney-Hyperion
9780316707046,THE TWILIGHT SAGA,Stephenie Meyer,Series Books,227,Atom
9781338635171,THE HUNGER GAMES,Suzanne Collins,Series Books,242,Scholastic Press
9781338323214,DOG MAN,Dav Pilkey,Series Books,154,Scholastic
9780590353427,HARRY POTTER,J.K. Rowling,Series Books,594,Scholastic
9781338329483,THE BAD GUYS,Aaron Blabey,Series Books,90,Scholastic Paperbacks
9781419739033,DIARY OF A WIMPY KID,and   Jeff Kinney,Series Books,595,Harry N. Abrams
9780544336261,GIVER QUARTET,Lois Lowry,Series Books,165,HMH Books for Young Readers
9780786838653,PERCY JACKSON & THE OLYMPIANS,Rick Riordan,Series Books,543,Disney-Hyperion
9781338347210,CAPTAIN UNDERPANTS,and   Dav Pilkey,Series Books,234,Scholastic Inc.
9781338642209,BABY-SITTERS CLUB GRAPHIX,Ann M. Martin; various illustrators,Series Books,36,Scholastic Inc.
9780063048126,"LOVE, CREEKWOOD",Becky Albertalli,Young Adult Hardcover,1,Balzer + Bray
9781492678892,I'M NOT DYING WITH YOU TONIGHT,Kimberly Jones and Gilly Segal,Young Adult Hardcover,2,Sourcebooks Fire
9781250170972,CHILDREN OF BLOOD AND BONE,Tomi Adeyemi,Young Adult Hardcover,119,Henry Holt and Co. (BYR)
9781481431873,CHAIN OF GOLD,Cassandra Clare,Young Adult Hardcover,18,Margaret K. McElderry Books
9780062291639,THE BETROTHED,Kiera Cass,Young Adult Hardcover,9,HarperTeen
9780062882769,CLAP WHEN YOU LAND,Elizabeth Acevedo,Young Adult Hardcover,9,Quill Tree Books
9781250170996,CHILDREN OF VIRTUE AND VENGEANCE,Tomi Adeyemi,Young Adult Hardcover,31,Macmillan Children's Books
9780316420044,28 SUMMERS,Elin Hilderbrand,Combined Print and E-Book Fiction,2,"Little, Brown and Company"
9780525620945,THE GUARDIANS,John Grisham,Combined Print and E-Book Fiction,21,Dell
9780385545938,CAMINO WINDS,John Grisham,Combined Print and E-Book Fiction,9,Doubleday
9781538761502,WALK THE WIRE,David Baldacci,Combined Print and E-Book Fiction,9,Grand Central Publishing
9780316539555,THE SUMMER HOUSE,James Patterson and Brendan DuBois,Combined Print and E-Book Fiction,3,"Little, Brown and Company"
9781728215730,THE LAST FLIGHT,Julie Clark,Combined Print and E-Book Fiction,1,Sourcebooks Landmark
9780316539425,FAIR WARNING,Michael Connelly,Combined Print and E-Book Fiction,5,"Little, Brown and Company"
9781250209764,AMERICAN DIRT,Jeanine Cummins,Combined Print and E-Book Fiction,23,Viking / Tinder Press
9780593100837,PARTY OF TWO,Jasmine Guillory,Combined Print and E-Book Fiction,1,Berkley
9781250207104,HIDEAWAY,Nora Roberts,Combined Print and E-Book Fiction,5,St. Martin's Press
9780593188064,TOM CLANCY: FIRING POINT,Mike Maden,Combined Print and E-Book Fiction,2,G.P. Putnam's Sons
9781982148034,THE ROOM WHERE IT HAPPENED,John Bolton,Combined Print and E-Book Nonfiction,1,Simon & Schuster
9781568585987,STAMPED FROM THE BEGINNING,Ibram X Kendi,Combined Print and E-Book Nonfiction,4,Bold Type Books
9781580058827,SO YOU WANT TO TALK ABOUT RACE,Ijeoma Oluo,Combined Print and E-Book Nonfiction,6,Scribe
9780812993547,BETWEEN THE WORLD AND ME,Ta-Nehisi Coates,Combined Print and E-Book Nonfiction,67,One World
9781728209807,ME AND WHITE SUPREMACY,Layla F Saad,Combined Print and E-Book Nonfiction,6,Cassell/Quercus/Two Roads
9781982143343,COUNTDOWN 1945,Chris Wallace with Mitch Weiss,Combined Print and E-Book Nonfiction,3,Avid Reader Press / Simon & Schuster
9781620971932,THE NEW JIM CROW,Michelle Alexander,Combined Print and E-Book Nonfiction,6,The New Press
9781982137977,IF IT BLEEDS,Stephen King,Hardcover Fiction,10,Scribner
9781728215723,THE LAST FLIGHT,Julie Clark,Hardcover Fiction,1,Sourcebooks Landmark
9780735216723,DEACON KING KONG,James McBride,Hardcover Fiction,4,Riverhead Books
9780399179624,DADDY'S GIRLS,Danielle Steel,Hardcover Fiction,3,Delacorte Press
9781501133510,BIG SUMMER,Jennifer Weiner,Hardcover Fiction,7,Atria Books
9781984879356,DEATH IN HER HANDS,Ottessa Moshfegh,Hardcover Fiction,1,Penguin Press
9781524760854,I'M STILL HERE,Austin Channing Brown,Hardcover Nonfiction,3,Convergent Books
9780525560548,HOOD FEMINISM,Mikki Kendall,Hardcover Nonfiction,2,Viking
9780735213616,BREATH,James Nestor,Hardcover Nonfiction,3,Riverhead Books
9781546085041,TRUMP AND THE AMERICAN FUTURE,Newt Gingrich,Hardcover Nonfiction,1,Center Street
9780399590504,EDUCATED,Tara Westover,Hardcover Nonfiction,123,Random House
9781630061388,BLITZ,David Horowitz,Hardcover Nonfiction,1,Humanix Books
9781250163783,UNITED STATES OF SOCIALISM,Dinesh D'Souza,Hardcover Nonfiction,4,All Points Books
9781984822185,NORMAL PEOPLE,Sally Rooney,Trade Fiction Paperback,19,Hogarth
9781538761632,A MINUTE TO MIDNIGHT,David Baldacci,Trade Fiction Paperback,3,Grand Central Publishing
9780593129982,THE GUARDIANS,John Grisham,Trade Fiction Paperback,2,Bantam
9780062678423,THE WOMAN IN THE WINDOW,A.J. Finn,Trade Fiction Paperback,62,William Morrow Paperbacks
9780593100820,PARTY OF TWO,Jasmine Guillory,Trade Fiction Paperback,1,Berkley
9780425284704,BEFORE WE WERE YOURS,Lisa Wingate,Trade Fiction Paperback,58,Ballantine Books
9780062797155,THE TATTOOIST OF AUSCHWITZ,Heather Morris,Trade Fiction Paperback,95,Zaffre/Ebury Press
9781984806734,BEACH READ,Emily Henry,Trade Fiction Paperback,5,Berkley
9780307278449,THE BLUEST EYE,Toni Morrison,Trade Fiction Paperback,8,Vintage
9781538751138,HUSH,James Patterson and Candice Fox,Trade Fiction Paperback,4,Grand Central Publishing
9780345804327,THE UNDERGROUND RAILROAD,Colson Whitehead,Trade Fiction Paperback,9,Fleet
9780465060689,WHY ARE ALL THE BLACK KIDS SITTING TOGETHER IN THE CAFETERIA?,Beverly Daniel Tatum,Paperback Nonfiction,4,Basic Books
9781632864130,WHITE RAGE,Carol Anderson,Paperback Nonfiction,5,Bloomsbury USA
9781942094470,MY GRANDMOTHER'S HANDS,Resmaa Menakem,Paperback Nonfiction,2,Central Recovery Press
9780310113607,THE COLOR OF COMPROMISE,Jemar Tis,Paperback Nonfiction,3,Zondervan Reflective
9780143036494,THE GREAT INFLUENZA,John M. Barry,Paperback Nonfiction,11,Penguin Books
9781982148201,UNORTHODOX,Deborah Feldman,Paperback Nonfiction,9,Simon & Schuster
9781501168703,THE PIONEERS,David McCullough,Paperback Nonfiction,3,Simon & Schuster
9780316017930,OUTLIERS,Malcolm Gladwell,Paperback Nonfiction,326,Penguin Book
9781501111112,GRIT,Angela Duckworth,Paperback Nonfiction,76,Scribner
9781250076229,BEING MORTAL,Atul Gawande,Paperback Nonfiction,119,Picador
9780525512196,21 LESSONS FOR THE 21ST CENTURY,Yuval Noah Harari,Paperback Nonfiction,8,Random House
9780593192573,RELATIONSHIP GOALS,Michael Todd,Advice How-To and Miscellaneous,4,WaterBrook
9781401958459,MEDICAL MEDIUM CLEANSE TO HEAL,Anthony William,Advice How-To and Miscellaneous,4,Hay House Inc.
9780399592096,THE RIDE OF A LIFETIME,Robert Iger,Advice How-To and Miscellaneous,6,Random House
9780062457714,THE SUBTLE ART OF NOT GIVING A F*CK,Mark Manson,Advice How-To and Miscellaneous,180,Harper/Thorsons/Yellow Kite/John Murray Learning
9780062820150,MAGNOLIA TABLE,Joanna Gaines with Marah Stets,Advice How-To and Miscellaneous,44,William Morrow Cookbooks
9781455570249,MAKE YOUR BED,William H. McRaven,Advice How-To and Miscellaneous,89,Grand Central Publishing/Insight Publishing Group Book
9781492669739,HOW TO CATCH A UNICORN,Adam Wallace.,Picture Books,14,Sourcebooks Wonderland
9780553537864,GRUMPY MONKEY,Suzanne Lang.,Picture Books,29,Random House Books for Young Readers
9781328852137,"GOOD NIGHT, LITTLE BLUE TRUCK",Alice Schertle and Jill McElmurry,Picture Books,19,HMH Books for Young Readers
9780062198679,PETE THE CAT: BIG EASTER ADVENTURE,James Dean and Kimberly Dean,Picture Books,23,HarperFestival
9780399255373,THE DAY THE CRAYONS QUIT,Drew Daywalt.,Picture Books,307,Philomel Books
9780525707752,THE SERIOUS GOOSE,Jimmy Kimmel,Picture Books,11,Random House Books for Young Readers
9780062954527,THE COOL BEAN,Jory John.,Picture Books,2,HarperCollins
9780593117187,THE LAST KIDS ON EARTH,Max Brallier.,Series Books,32,Viking Books For Young Readers
9781484707234,PERCY JACKSON & THE OLYMPIANS,Rick Riordan,Series Books,528,Disney-Hyperion
9781338305845,THE BAD GUYS,Aaron Blabey,Series Books,74,Scholastic Paperbacks
9780375813658,MAGIC TREE HOUSE,Mary Pope Osborne.,Series Books,296,Random House Books for Young Readers
9781534469266,TO ALL THE BOYS I'VE LOVED BEFORE,Jenny Han,Series Books,57,Simon & Schuster Books for Young Readers
9780545670319,THE HUNGER GAMES,Suzanne Collins,Series Books,228,Scholastic Press
9780525707967,ONE OF US IS NEXT,Karen M. McManus,Young Adult Hardcover,15,Delacorte Press
9781534437333,FIVE FEET APART,Rachael Lippincott with Mikki Daughtry and Tobias Iaconis,Young Adult Hardcover,72,Simon & Schuster Books for Young Readers
9780316490573,THEY WENT LEFT,Monica Hesse,Young Adult Hardcover,1,"Little, Brown Books for Young Readers"
9780062662033,REDEMPTION PREP,Samuel Miller,Young Adult Hardcover,1,Katherine Tegen Books
9781250209771,AMERICAN DIRT,Jeanine Cummins,Combined Print and E-Book Fiction,12,Flatiron Books
9781538748169,THE BOY FROM THE WOODS,Harlan Coben,Combined Print and E-Book Fiction,4,Grand Central Publishing
9780525658429,REDHEAD BY THE SIDE OF THE ROAD,Anne Tyler,Combined Print and E-Book Fiction,1,Knopf
9781538700723,REVENGE,James Patterson and Andrew Holmes,Combined Print and E-Book Fiction,1,Grand Central Publishing
9781250301710,THE SILENT PATIENT,Alex Michaelides,Combined Print and E-Book Fiction,30,Celadon Books
9780143127550,EVERYTHING I NEVER TOLD YOU,Celeste Ng,Combined Print and E-Book Fiction,2,
9781984819895,THE BOOK OF LOST FRIENDS,Lisa Wingate,Combined Print and E-Book Fiction,1,Ballantine Books
9780399562501,THE GIVER OF STARS,Jojo Moyes,Combined Print and E-Book Fiction,22,Pamela Dorman Books
9780525521143,THE GLASS HOTEL,Emily St. John Mandel,Combined Print and E-Book Fiction,3,Knopf
9780062963697,THE DUTCH HOUSE,Ann Patchett,Combined Print and E-Book Fiction,27,Harper
9780062913265,VALENTINE,Elizabeth Wetmore,Combined Print and E-Book Fiction,2,Harper
9780316428163,TEXAS OUTLAW,James Patterson and Andrew Bourelle,Combined Print and E-Book Fiction,2,"Little, Brown and Company"
9780385543774,HIDDEN VALLEY ROAD,Robert Kolker,Combined Print and E-Book Nonfiction,1,Doubleday
9781328566317,THE LAST BOOK ON THE LEFT,"Ben Kissel, Marcus Parks and Henry Zebrowski",Combined Print and E-Book Nonfiction,1,Houghton Mifflin Harcourt
9781538733301,FORTITUDE,Dan Crenshaw,Combined Print and E-Book Nonfiction,1,Twelve
9781524745646,FRONT ROW AT THE TRUMP SHOW,Jonathan Karl,Combined Print and E-Book Nonfiction,2,Dutton
9781101200971,THE GREAT INFLUENZA,John M. Barry,Combined Print and E-Book Nonfiction,5,Penguin Books
9781982140502,ARGUING WITH SOCIALISTS,Glenn Beck,Combined Print and E-Book Nonfiction,1,Threshold Editions
9780374201234,THE MAMBA MENTALITY,Kobe Bryant,Combined Print and E-Book Nonfiction,14,MCD
9780735225305,A WOMAN OF NO IMPORTANCE,Sonia Purnell,Combined Print and E-Book Nonfiction,4,Penguin Books
9781439187029,UNORTHODOX,Deborah Feldman,Combined Print and E-Book Nonfiction,6,Simon & Schuster
9781250153296,MORE MYSELF,Alicia Keys with Michelle Burford,Combined Print and E-Book Nonfiction,2,Flatiron Books
9780062899965,OPEN BOOK,Jessica Simpson with Kevin Carr O’Leary,Combined Print and E-Book Nonfiction,10,Dey Street Books
9781635574043,HOUSE OF EARTH AND BLOOD,Sarah J Maas,Combined Print and E-Book Fiction,1,Bloomsbury Publishing
9780525538240,LONG RANGE,C.J. Box,Combined Print and E-Book Fiction,1,G.P. Putnam's Sons
9780399179570,THE NUMBERS GAME,Danielle Steel,Combined Print and E-Book Fiction,1,Dell
9780316420334,BLINDSIDE,James Patterson and James O Born,Combined Print and E-Book Fiction,2,"Little, Brown and Company"
9780593099773,LETHAL GAME,Christine Feehan,Combined Print and E-Book Fiction,1,Penguin US
9781250202031,YOU ARE NOT ALONE,Greer Hendricks and Sarah Pekkanen,Combined Print and E-Book Fiction,1,St. Martin's Press
9780802148698,TRACE ELEMENTS,Donna Leon,Combined Print and E-Book Fiction,1,Atlantic Monthly Press
9781250301697,THE SILENT PATIENT,Alex Michaelides,Combined Print and E-Book Fiction,25,Celadon Books
9780802148537,WRITERS & LOVERS,Lily King,Combined Print and E-Book Fiction,1,Grove Press
9780399181900,THE JETSETTERS,Amanda Eyre Ward,Combined Print and E-Book Fiction,1,Random House Digital Inc.
9780062853851,UNKNOWN VALOR,Martha MacCallum,Combined Print and E-Book Nonfiction,2,Harper
9780062974686,THE MAGA DOCTRINE,Charlie Kirk,Combined Print and E-Book Nonfiction,1,Broadside Books
9780593236666,THE HOPE OF GLORY,Jon Meacham,Combined Print and E-Book Nonfiction,2,Convergent Books
9780316478526,TALKING TO STRANGERS,Malcolm Gladwell,Combined Print and E-Book Nonfiction,26,"Little, Brown And Company"
9781335015921,JOHN ADAMS UNDER FIRE,Dan Abrams and David Fisher,Combined Print and E-Book Nonfiction,1,Hanover Square Press
9781984877499,A VERY STABLE GENIUS,Philip Rucker and Carol Leonnig,Combined Print and E-Book Nonfiction,7,Bloomsbury Publishing/Canongate Books
9780307279286,SAY NOTHING,Patrick Radden Keefe,Combined Print and E-Book Nonfiction,11,Anchor
9780062878816,DARK TOWERS,David Enrich,Combined Print and E-Book Nonfiction,2,Custom House
9780525538233,LONG RANGE,C.J. Box,Hardcover Fiction,1,G.P. Putnam's Sons
9780399179563,THE NUMBERS GAME,Danielle Steel,Hardcover Fiction,1,Delacorte Press
9780062671189,THE NIGHT WATCHMAN,Louise Erdrich,Hardcover Fiction,1,Harper
9780399181894,THE JETSETTERS,Amanda Eyre Ward,Hardcover Fiction,1,Ballantine Books
9780525541905,SUCH A FUN AGE,Kiley Reid,Hardcover Fiction,10,G.p. Putnam's Sons
9780062963673,THE DUTCH HOUSE,Ann Patchett,Hardcover Fiction,24,Harper
9780399562488,THE GIVER OF STARS,Jojo Moyes,Hardcover Fiction,22,Pamela Dorman Books
9781524731670,UNTIL THE END OF TIME,Brian Greene,Hardcover Nonfiction,3,Knopf
9780062897909,PROFILES IN CORRUPTION,Peter Schweizer,Hardcover Nonfiction,7,Harper
9781984879493,A CITIZEN'S GUIDE TO BEATING DONALD TRUMP,David Plouffe,Hardcover Nonfiction,1,Viking
9780062868916,THE HUNTING PARTY,Lucy Foley,Trade Fiction Paperback,1,HarperCollins
9781982148249,THE OUTSIDER,Stephen King,Trade Fiction Paperback,16,Gallery Books
9780316420006,SUMMER OF '69,Elin Hilderbrand,Trade Fiction Paperback,4,Back Bay Books
9781538750582,ONE GOOD DEED,David Baldacci,Trade Fiction Paperback,7,Grand Central Publishing
9781538731635,UNSOLVED,James Patterson and David Ellis,Trade Fiction Paperback,4,Grand Central Publishing
9781492671527,THE BOOK WOMAN OF TROUBLESOME CREEK,Kim Michele Richardson,Trade Fiction Paperback,6,Sourcebooks Landmark
9780316438964,THE LAST WISH,Andrzej Sapkowski,Trade Fiction Paperback,5,Gollancz
9781524796396,LOST ROSES,Martha Hall Kelly,Trade Fiction Paperback,1,Ballantine Books
9781250229533,THE GREAT ALONE,Kristin Hannah,Trade Fiction Paperback,17,Pan
9781632869616,WOMEN ROWING NORTH,Mary Pipher,Paperback Nonfiction,1,Bloomsbury Publishing
9780804190114,ON TYRANNY,Timothy Snyder,Paperback Nonfiction,65,Tim Duggan Books
9781501144325,WHY WE SLEEP,Matthew Walker,Paperback Nonfiction,46,Penguin/Grove Press UK
9780062661401,CHESAPEAKE REQUIEM,Earl Swift,Paperback Nonfiction,1,"Dey St., An Imprint Of William Morrow,"
9780143133568,NO ONE IS TOO SMALL TO MAKE A DIFFERENCE,Greta Thunberg,Paperback Nonfiction,17,Penguin Books
9781250226846,LEADERSHIP STRATEGY AND TACTICS,Jocko Willink,Advice How-To and Miscellaneous,3,St. Martin's Press
9780399592522,DARE TO LEAD,Brené Brown,Advice How-To and Miscellaneous,41,Riverhead Books/Vermilion
9780762447695,YOU ARE A BADASS,Jen Sincero,Advice How-To and Miscellaneous,205,John Murray Learning/Portfolio Penguin
9781426220135,THE BLUE ZONES KITCHEN,Dan Buettner,Advice How-To and Miscellaneous,8,National Geographic
9781400201655,"GIRL, WASH YOUR FACE",Rachel Hollis,Advice How-To and Miscellaneous,84,Thomas Nelson/Harper Collins Publ. USA/John Murray Learning
9781949520071,EPOCA: THE TREE OF ECROF,Ivy Claire Created  Kobe Bryant,Childrens Middle Grade Hardcover,1,Granity Studios
9781949520033,LEGACY AND THE QUEEN,Annie Matthew Created  Kobe Bryant,Childrens Middle Grade Hardcover,1,Granity Studios
9781949520019,THE WIZENARD: TRAINING CAMP,Wesley King Created  Kobe Bryant,Childrens Middle Grade Hardcover,5,Granity Studios
9780316530415,ALI CROSS,James Patterson,Childrens Middle Grade Hardcover,10,jimmy patterson
9780316475143,LITTLE LEGENDS: EXCEPTIONAL MEN IN BLACK HISTORY,Vashti Harrison with Kwesi Johnson,Childrens Middle Grade Hardcover,6,Puffin
9780545791427,HARRY POTTER,J.K. Rowling,Series Books,562,Bloomsbury Children's Books
9781534427204,DORK DIARIES,Rachel Renée Russell,Series Books,306,Aladdin
9781338216264,WINGS OF FIRE,Tui T. Sutherland,Series Books,71,Scholastic
9781338304510,BABY-SITTERS CLUB GRAPHIX,Ann M. Martin; various illustrators,Series Books,28,Graphix
9780425292112,THE LAST KIDS ON EARTH,Max Brallier.,Series Books,30,Viking Books for Young Readers
9781484746448,THE TRIALS OF APOLLO,Rick Riordan,Series Books,24,Puffin
9781534451568,FIVE FEET APART,Rachael Lippincott with Mikki Daughtry and Tobias Iaconis,Young Adult Hardcover,56,Simon & Schuster Books for Young Readers
9780316420235,DEAR EVAN HANSEN: THE NOVEL,"Val Emmich with Steven Levenson, Benj Pasek & Justin Paul",Young Adult Hardcover,40,Poppy
9781368022262,LOKI: WHERE MISCHIEF LIES,Mackenzi Lee,Young Adult Hardcover,7,Marvel Press
9780399160318,THE FOUNTAINS OF SILENCE,Ruta Sepetys,Young Adult Hardcover,13,Philomel Books
9781250146076,WAYWARD SON,Rainbow Rowell,Young Adult Hardcover,13,Wednesday Books
9780553510669,THE SECRET COMMONWEALTH,Philip Pullman,Young Adult Hardcover,12,Knopf Books for Young Readers
9780385544184,THE GUARDIANS,John Grisham,Combined Print and E-Book Fiction,10,Doubleday
9780316526883,CRISS CROSS,James Patterson,Combined Print and E-Book Fiction,4,"Little, Brown and Company"
9781982110567,THE INSTITUTE,Stephen King,Combined Print and E-Book Fiction,15,Scribner
9781538761601,A MINUTE TO MIDNIGHT,David Baldacci,Combined Print and E-Book Fiction,5,Grand Central Publishing
9780399593543,BLUE MOON,Lee Child,Combined Print and E-Book Fiction,8,Delacorte Press
9780399180194,TWISTED TWENTY-SIX,Janet Evanovich,Combined Print and E-Book Fiction,6,G.P. Putnam's Sons
9780385543781,THE TESTAMENTS,Margaret Atwood,Combined Print and E-Book Fiction,13,Nan A. Talese
9780812996548,"OLIVE, AGAIN",Elizabeth Strout,Combined Print and E-Book Fiction,8,Random House
9780399590597,THE WATER DANCER,Ta-Nehisi Coates,Combined Print and E-Book Fiction,8,One World
9781250147608,ME,Elton John,Combined Print and E-Book Nonfiction,10,Henry Holt and Co.
9780525540533,SAM HOUSTON AND THE ALAMO AVENGERS,Brian Kilmeade,Combined Print and E-Book Nonfiction,7,Sentinel
9781538718469,A WARNING,Anonymous,Combined Print and E-Book Nonfiction,5,Twelve
9780385539302,THE BODY,Bill Bryson,Combined Print and E-Book Nonfiction,10,Doubleday
9781586422387,I HEARD YOU PAINT HOUSES,Charles Brandt,Combined Print and E-Book Nonfiction,7,Steerforth
9781501197628,MOBITUARIES,Mo Rocca and Jonathan Greenberg,Combined Print and E-Book Nonfiction,2,Simon & Schuster
9781546086031,TRIGGERED,Donald Trump Jr,Combined Print and E-Book Nonfiction,7,Center Street
9780062952394,FINDING CHIKA,Mitch Albom,Combined Print and E-Book Nonfiction,7,Harper
9781501178412,THE BOOK OF GUTSY WOMEN,Hillary Rodham Clinton and Chelsea Clinton,Combined Print and E-Book Nonfiction,9,Simon & Schuster
9780525537090,HOW TO,Randall Munroe,Combined Print and E-Book Nonfiction,3,John Murray
9780525575474,BLOWOUT,Rachel Maddow,Combined Print and E-Book Nonfiction,12,Crown
9780385541213,THE STARLESS SEA,Erin Morgenstern,Hardcover Fiction,7,Doubleday
9780525541721,TOM CLANCY: CODE OF HONOR,Marc Cameron,Hardcover Fiction,2,G.P. Putnam's Sons
9781982130855,THE WAY I HEARD IT,Mike Rowe,Hardcover Nonfiction,8,Gallery Books
9780316349253,HOME WORK,Julie Andrews and Emma Walton Hamilton,Hardcover Nonfiction,5,Hachette Books
9780143110439,A GENTLEMAN IN MOSCOW,Amor Towles,Trade Fiction Paperback,35,Windmill Books/Sceptre/Fourth Estate Ltd
9781982127794,IT,Stephen King,Trade Fiction Paperback,31,Hodder Paperbacks
9781449486792,THE SUN AND HER FLOWERS,Rupi Kaur,Trade Fiction Paperback,76,Andrews McMeel Publishing
9781982131807,DOCTOR SLEEP,Stephen King,Trade Fiction Paperback,12,Gallery Books
9780062684738,UNSHELTERED,Barbara Kingsolver,Trade Fiction Paperback,6,Faber & Faber
